{
  "version": "0.3.7",
  "timestamp": "2026-05-31 09:35:07Z",
  "latency_mode": "generation",
  "latency_ms": 230.04047200083733,
  "model": "qwen3.6:27b-mlx",
  "prefix_caching_enabled": true,
  "max_concurrency": 1,
  "benchmarks": [
    {
      "concurrency": 1,
      "context_size": 2048,
      "prompt_size": 2048,
      "response_size": 1024,
      "is_context_prefill_phase": true,
      "pp_throughput": {
        "mean": 458.527856478154,
        "std": 3.185797941260492,
        "values": [
          459.19187557271226,
          454.3366667374457,
          462.055027124304
        ]
      },
      "pp_req_throughput": {
        "mean": 458.527856478154,
        "std": 3.185797941260492,
        "values": [
          459.19187557271226,
          454.3366667374457,
          462.055027124304
        ]
      },
      "tg_throughput": {
        "mean": 17.73275524776516,
        "std": 0.2668005917436185,
        "values": [
          18.096214838527498,
          17.46329473915155,
          17.63875616561643
        ]
      },
      "tg_req_throughput": {
        "mean": 17.73275524776516,
        "std": 0.2668005917436185,
        "values": [
          18.096214838527498,
          17.46329473915155,
          17.63875616561643
        ]
      },
      "peak_throughput": {
        "mean": 24.0,
        "std": 0.0,
        "values": [
          24.0,
          24.0,
          24.0
        ]
      },
      "peak_req_throughput": {
        "mean": 24.0,
        "std": 0.0,
        "values": [
          24.0,
          24.0,
          24.0
        ]
      },
      "ttfr": {
        "mean": 4298.221749990868,
        "std": 94.05522676771277,
        "values": [
          4165.214624954388,
          4363.5391250718385,
          4365.911499946378
        ]
      },
      "est_ppt": {
        "mean": 4068.181277990031,
        "std": 94.05522676771277,
        "values": [
          3935.17415295355,
          4133.498653071001,
          4135.871027945541
        ]
      },
      "e2e_ttft": {
        "mean": 4298.221749990868,
        "std": 94.05522676771277,
        "values": [
          4165.214624954388,
          4363.5391250718385,
          4365.911499946378
        ]
      },
      "throughput_over_time": null,
      "requests_throughput_over_time": null
    },
    {
      "concurrency": 1,
      "context_size": 2048,
      "prompt_size": 2048,
      "response_size": 1024,
      "is_context_prefill_phase": false,
      "pp_throughput": {
        "mean": 243.75493071730943,
        "std": 2.5011594057308253,
        "values": [
          246.49341198175088,
          244.32456548916738,
          240.4468146810101
        ]
      },
      "pp_req_throughput": {
        "mean": 243.75493071730943,
        "std": 2.5011594057308253,
        "values": [
          246.49341198175088,
          244.32456548916738,
          240.4468146810101
        ]
      },
      "tg_throughput": {
        "mean": 17.326067586622425,
        "std": 0.33919173019491944,
        "values": [
          17.226973928320014,
          16.969151773071843,
          17.782077058475412
        ]
      },
      "tg_req_throughput": {
        "mean": 17.326067586622425,
        "std": 0.33919173019491944,
        "values": [
          17.226973928320014,
          16.969151773071843,
          17.782077058475412
        ]
      },
      "peak_throughput": {
        "mean": 24.0,
        "std": 2.943920288775949,
        "values": [
          23.0,
          21.0,
          28.0
        ]
      },
      "peak_req_throughput": {
        "mean": 24.0,
        "std": 2.943920288775949,
        "values": [
          23.0,
          21.0,
          28.0
        ]
      },
      "ttfr": {
        "mean": 8632.8095413434,
        "std": 86.51857906931905,
        "values": [
          8538.578958017752,
          8612.333083059639,
          8747.516582952812
        ]
      },
      "est_ppt": {
        "mean": 8402.769069342563,
        "std": 86.51857906931905,
        "values": [
          8308.538486016914,
          8382.292611058801,
          8517.476110951975
        ]
      },
      "e2e_ttft": {
        "mean": 8632.8095413434,
        "std": 86.51857906931905,
        "values": [
          8538.578958017752,
          8612.333083059639,
          8747.516582952812
        ]
      },
      "throughput_over_time": null,
      "requests_throughput_over_time": null
    }
  ]
}