{
  "version": "0.3.7",
  "timestamp": "2026-05-31 09:41:35Z",
  "latency_mode": "generation",
  "latency_ms": 208.16718034135798,
  "model": "Qwen3.6-27B-Q4_K_M-MTP-Instruct",
  "prefix_caching_enabled": true,
  "max_concurrency": 1,
  "benchmarks": [
    {
      "concurrency": 1,
      "context_size": 2048,
      "prompt_size": 2048,
      "response_size": 1024,
      "is_context_prefill_phase": true,
      "pp_throughput": {
        "mean": 321.6141228972188,
        "std": 3.9751037313168025,
        "values": [
          326.9381537493379,
          317.3890348156643,
          320.5151801266543
        ]
      },
      "pp_req_throughput": {
        "mean": 321.6141228972188,
        "std": 3.9751037313168025,
        "values": [
          326.9381537493379,
          317.3890348156643,
          320.5151801266543
        ]
      },
      "tg_throughput": {
        "mean": 22.363553084499912,
        "std": 2.4048229570678457,
        "values": [
          19.30754284381418,
          22.59913364654982,
          25.183982763135738
        ]
      },
      "tg_req_throughput": {
        "mean": 22.363553084499912,
        "std": 2.4048229570678457,
        "values": [
          19.30754284381418,
          22.59913364654982,
          25.183982763135738
        ]
      },
      "peak_throughput": {
        "mean": 37.0,
        "std": 2.160246899469287,
        "values": [
          35.0,
          36.0,
          40.0
        ]
      },
      "peak_req_throughput": {
        "mean": 37.0,
        "std": 2.160246899469287,
        "values": [
          35.0,
          36.0,
          40.0
        ]
      },
      "ttfr": {
        "mean": 6213.159361000483,
        "std": 74.63030052719132,
        "values": [
          6108.365667052567,
          6276.429750025272,
          6254.68266592361
        ]
      },
      "est_ppt": {
        "mean": 6004.992180659126,
        "std": 74.63030052719132,
        "values": [
          5900.198486711209,
          6068.262569683914,
          6046.515485582252
        ]
      },
      "e2e_ttft": {
        "mean": 6213.159361000483,
        "std": 74.63030052719132,
        "values": [
          6108.365667052567,
          6276.429750025272,
          6254.68266592361
        ]
      },
      "throughput_over_time": null,
      "requests_throughput_over_time": null
    },
    {
      "concurrency": 1,
      "context_size": 2048,
      "prompt_size": 2048,
      "response_size": 1024,
      "is_context_prefill_phase": false,
      "pp_throughput": {
        "mean": 350.5533110635988,
        "std": 5.579666056661597,
        "values": [
          343.4649923304142,
          357.10010479161116,
          351.09483606877114
        ]
      },
      "pp_req_throughput": {
        "mean": 350.5533110635988,
        "std": 5.579666056661597,
        "values": [
          343.4649923304142,
          357.10010479161116,
          351.09483606877114
        ]
      },
      "tg_throughput": {
        "mean": 21.968607691212252,
        "std": 0.740963200641215,
        "values": [
          22.361919292863885,
          22.6130934867074,
          20.93081029406547
        ]
      },
      "tg_req_throughput": {
        "mean": 21.968607691212252,
        "std": 0.740963200641215,
        "values": [
          22.361919292863885,
          22.6130934867074,
          20.93081029406547
        ]
      },
      "peak_throughput": {
        "mean": 37.333333333333336,
        "std": 2.0548046676563256,
        "values": [
          37.0,
          40.0,
          35.0
        ]
      },
      "peak_req_throughput": {
        "mean": 37.333333333333336,
        "std": 2.0548046676563256,
        "values": [
          37.0,
          40.0,
          35.0
        ]
      },
      "ttfr": {
        "mean": 6051.843944316109,
        "std": 93.24389956902307,
        "values": [
          6170.929166954011,
          5943.253707955591,
          6041.348958038725
        ]
      },
      "est_ppt": {
        "mean": 5843.676763974751,
        "std": 93.24389956902307,
        "values": [
          5962.761986612652,
          5735.086527614233,
          5833.181777697367
        ]
      },
      "e2e_ttft": {
        "mean": 6051.843944316109,
        "std": 93.24389956902307,
        "values": [
          6170.929166954011,
          5943.253707955591,
          6041.348958038725
        ]
      },
      "throughput_over_time": null,
      "requests_throughput_over_time": null
    }
  ]
}