{
  "version": "0.3.7",
  "timestamp": "2026-05-31 09:27:26Z",
  "latency_mode": "generation",
  "latency_ms": 2.8314722779517374,
  "model": "Jundot--Qwen3.6-27B-oQ4-mtp",
  "prefix_caching_enabled": true,
  "max_concurrency": 1,
  "benchmarks": [
    {
      "concurrency": 1,
      "context_size": 2048,
      "prompt_size": 2048,
      "response_size": 1024,
      "is_context_prefill_phase": true,
      "pp_throughput": {
        "mean": 885879.0782164676,
        "std": 271859.22119445854,
        "values": [
          1267969.5334791457,
          731797.5790301304,
          657870.1221401268
        ]
      },
      "pp_req_throughput": {
        "mean": 885879.0782164676,
        "std": 271859.22119445854,
        "values": [
          1267969.5334791457,
          731797.5790301304,
          657870.1221401268
        ]
      },
      "tg_throughput": {
        "mean": 51.26703573321371,
        "std": 3.8041694099420553,
        "values": [
          56.6392083367277,
          48.33119257399604,
          48.83070628891739
        ]
      },
      "tg_req_throughput": {
        "mean": 51.26703573321371,
        "std": 3.8041694099420553,
        "values": [
          56.6392083367277,
          48.33119257399604,
          48.83070628891739
        ]
      },
      "peak_throughput": {
        "mean": 1128.3333333333333,
        "std": 47.97453027967607,
        "values": [
          1190.0,
          1073.0,
          1122.0
        ]
      },
      "peak_req_throughput": {
        "mean": 1128.3333333333333,
        "std": 47.97453027967607,
        "values": [
          1190.0,
          1073.0,
          1122.0
        ]
      },
      "ttfr": {
        "mean": 5.041722363481919,
        "std": 0.541981837666955,
        "values": [
          4.322833032347262,
          5.1709170220419765,
          5.6314170360565186
        ]
      },
      "est_ppt": {
        "mean": 2.210250085530182,
        "std": 0.541981837666955,
        "values": [
          1.4913607543955245,
          2.339444744090239,
          2.799944758104781
        ]
      },
      "e2e_ttft": {
        "mean": 4239.530750045863,
        "std": 137.01576343526176,
        "values": [
          4193.225500057451,
          4099.7360000619665,
          4425.630750018172
        ]
      },
      "throughput_over_time": null,
      "requests_throughput_over_time": null
    },
    {
      "concurrency": 1,
      "context_size": 2048,
      "prompt_size": 2048,
      "response_size": 1024,
      "is_context_prefill_phase": false,
      "pp_throughput": {
        "mean": 714051.5632940843,
        "std": 42492.63780269655,
        "values": [
          654037.3395313382,
          746733.7659707417,
          741383.5843801729
        ]
      },
      "pp_req_throughput": {
        "mean": 714051.5632940843,
        "std": 42492.63780269655,
        "values": [
          654037.3395313382,
          746733.7659707417,
          741383.5843801729
        ]
      },
      "tg_throughput": {
        "mean": 39.322237188222175,
        "std": 11.49638280296384,
        "values": [
          46.240634067498185,
          48.60478371519068,
          23.121293781977677
        ]
      },
      "tg_req_throughput": {
        "mean": 39.322237188222175,
        "std": 11.49638280296384,
        "values": [
          46.240634067498185,
          48.60478371519068,
          23.121293781977677
        ]
      },
      "peak_throughput": {
        "mean": 77.66666666666667,
        "std": 33.038697848970315,
        "values": [
          99.0,
          103.0,
          31.0
        ]
      },
      "peak_req_throughput": {
        "mean": 77.66666666666667,
        "std": 33.038697848970315,
        "values": [
          99.0,
          103.0,
          31.0
        ]
      },
      "ttfr": {
        "mean": 5.710249960732956,
        "std": 0.17875687457796408,
        "values": [
          5.962791969068348,
          5.5740829557180405,
          5.593874957412481
        ]
      },
      "est_ppt": {
        "mean": 2.8787776827812195,
        "std": 0.17875687457796405,
        "values": [
          3.131319691116611,
          2.742610677766303,
          2.762402679460744
        ]
      },
      "e2e_ttft": {
        "mean": 8474.173583284331,
        "std": 166.73612277575165,
        "values": [
          8706.984249991365,
          8325.35224989988,
          8390.184249961749
        ]
      },
      "throughput_over_time": null,
      "requests_throughput_over_time": null
    }
  ]
}