{
  "version": "0.3.7",
  "timestamp": "2026-05-31 07:16:13Z",
  "latency_mode": "generation",
  "latency_ms": 372.1072639649113,
  "model": "unsloth/Qwen3.6-27B-GGUF",
  "prefix_caching_enabled": true,
  "max_concurrency": 1,
  "benchmarks": [
    {
      "concurrency": 1,
      "context_size": 2048,
      "prompt_size": 2048,
      "response_size": 1024,
      "is_context_prefill_phase": true,
      "pp_throughput": {
        "mean": 109.3958594665637,
        "std": 9.667637580125273,
        "values": [
          117.84383152934592,
          114.48147335089477,
          95.86227351945044
        ]
      },
      "pp_req_throughput": {
        "mean": 109.3958594665637,
        "std": 9.667637580125273,
        "values": [
          117.84383152934592,
          114.48147335089477,
          95.86227351945044
        ]
      },
      "tg_throughput": {
        "mean": 15.167346852541677,
        "std": 0.13752996508928067,
        "values": [
          15.310198674142754,
          14.98161103514889,
          15.210230848333387
        ]
      },
      "tg_req_throughput": {
        "mean": 15.167346852541677,
        "std": 0.13752996508928067,
        "values": [
          15.310198674142754,
          14.98161103514889,
          15.210230848333387
        ]
      },
      "peak_throughput": {
        "mean": 19.666666666666668,
        "std": 1.247219128924647,
        "values": [
          21.0,
          20.0,
          18.0
        ]
      },
      "peak_req_throughput": {
        "mean": 19.666666666666668,
        "std": 1.247219128924647,
        "values": [
          21.0,
          20.0,
          18.0
        ]
      },
      "ttfr": {
        "mean": 17270.370375015773,
        "std": 1743.077432148208,
        "values": [
          16461.197167052887,
          15658.423457993194,
          19691.490500001237
        ]
      },
      "est_ppt": {
        "mean": 16898.263111050863,
        "std": 1743.0774321482086,
        "values": [
          16089.089903087977,
          15286.316194028283,
          19319.383236036327
        ]
      },
      "e2e_ttft": {
        "mean": 17270.370375015773,
        "std": 1743.077432148208,
        "values": [
          16461.197167052887,
          15658.423457993194,
          19691.490500001237
        ]
      },
      "throughput_over_time": null,
      "requests_throughput_over_time": null
    },
    {
      "concurrency": 1,
      "context_size": 2048,
      "prompt_size": 2048,
      "response_size": 1024,
      "is_context_prefill_phase": false,
      "pp_throughput": {
        "mean": 100.38671839835662,
        "std": 0.9166342316438607,
        "values": [
          101.64726480128489,
          100.01835080294256,
          99.49453959084242
        ]
      },
      "pp_req_throughput": {
        "mean": 100.38671839835662,
        "std": 0.9166342316438607,
        "values": [
          101.64726480128489,
          100.01835080294256,
          99.49453959084242
        ]
      },
      "tg_throughput": {
        "mean": 14.852503271245192,
        "std": 0.3107202378294734,
        "values": [
          14.89445112639248,
          14.45271424051222,
          15.210344446830879
        ]
      },
      "tg_req_throughput": {
        "mean": 14.852503271245192,
        "std": 0.3107202378294734,
        "values": [
          14.89445112639248,
          14.45271424051222,
          15.210344446830879
        ]
      },
      "peak_throughput": {
        "mean": 20.0,
        "std": 1.632993161855452,
        "values": [
          18.0,
          20.0,
          22.0
        ]
      },
      "peak_req_throughput": {
        "mean": 20.0,
        "std": 1.632993161855452,
        "values": [
          18.0,
          20.0,
          22.0
        ]
      },
      "ttfr": {
        "mean": 20774.905250330146,
        "std": 185.39292672545093,
        "values": [
          20520.214583957568,
          20848.34970906377,
          20956.1514579691
        ]
      },
      "est_ppt": {
        "mean": 20402.797986365233,
        "std": 185.39292672545093,
        "values": [
          20148.107319992658,
          20476.24244509886,
          20584.04419400419
        ]
      },
      "e2e_ttft": {
        "mean": 20774.905250330146,
        "std": 185.39292672545093,
        "values": [
          20520.214583957568,
          20848.34970906377,
          20956.1514579691
        ]
      },
      "throughput_over_time": null,
      "requests_throughput_over_time": null
    }
  ]
}